user_input,reference_contexts,reference,synthesizer_name
What is academic year?,"['Chapter 1 Academic Years, Academic Calendars, Payment Periods, and Disbursements Academic Year Requirements Every eligible program must have a defined academic year. A school may have different academic years for different academic programs. For example, a school may choose to define the academic year for a term-based program differently from a non-term program. In some cases, the academic year definition must be different for different programs, such as in the case of a clock-hour program and a credit-hour program. For Title IV purposes, the academic year is defined in weeks of instructional time and credit or clock hours. The program9s academic year does not have to coincide with the school9s academic calendar (see <Academic year definition and effect on awards= later in the chapter). A school may treat two versions of the same academic program (day and night, for example) as separate programs and define different academic years for each version. If a school establishes separate versions of a program, with different academic years, but allows individual students to take courses from both versions, it must be able to demonstrate which program the student is actually enrolled in. Generally, to be considered enrolled in a particular program or version of a program, a student must be taking most of their coursework in that program. Although a school may have different academic years for different programs, it must use the same academic year definition for all Title IV awards for students enrolled in a particular program, and for all other Title IV program purposes. Weeks of Instructional Time in an Academic Year For both undergraduate and graduate programs, the law and regulations require an academic year to include a minimum number of weeks of instructional time. For a program offered in credit hours, the academic year must include at least 30 weeks of instructional time. For a program offered in clock hours, the academic year must include at least 26 weeks of instructional time. Note: See Volume 2, Chapter 2 for information about academic year requirements for direct assessment programs, which do not measure academic progress using credit or clock hours. The number of weeks of instructional time is based on the period that generally begins on the first day of classes in the academic year and ends on the last day of classes or the last day of examinations, whichever is later. Schools that provide 2- or 4-year associate or baccalaureate degree programs may apply to the Department if they want to request approval to establish a full academic year of less than 30 weeks of instructional time. The Department is permitted to grant a reduction for good cause to no less than 26 weeks of instructional time. These requests are handled on a case-by-case basis. To request approval, contact the School Participation Division that oversees your school. A listing of contact information for the regional School Participation Divisions can be found in the Knowledge Center. For all Title IV programs, a week of instructional time is any period of seven consecutive days in which 3 At least one day of regularly scheduled instruction or examinations occurs, or, after the last scheduled day of classes']","The academic year is defined in weeks of instructional time and credit or clock hours, and it must include a minimum number of weeks depending on the program type. For credit hour programs, at least 30 weeks; for clock hour programs, at least 26 weeks. Schools may have different academic years for different programs, but must use the same definition for all Title IV awards for students in a particular program. The academic year does not have to match the school's academic calendar.",single_hop_specifc_query_synthesizer
What is the significance of Volume  2 in the context of academic year requirements?,"['Chapter 1 Academic Years, Academic Calendars, Payment Periods, and Disbursements Academic Year Requirements Every eligible program must have a defined academic year. A school may have different academic years for different academic programs. For example, a school may choose to define the academic year for a term-based program differently from a non-term program. In some cases, the academic year definition must be different for different programs, such as in the case of a clock-hour program and a credit-hour program. For Title IV purposes, the academic year is defined in weeks of instructional time and credit or clock hours. The program9s academic year does not have to coincide with the school9s academic calendar (see <Academic year definition and effect on awards= later in the chapter). A school may treat two versions of the same academic program (day and night, for example) as separate programs and define different academic years for each version. If a school establishes separate versions of a program, with different academic years, but allows individual students to take courses from both versions, it must be able to demonstrate which program the student is actually enrolled in. Generally, to be considered enrolled in a particular program or version of a program, a student must be taking most of their coursework in that program. Although a school may have different academic years for different programs, it must use the same academic year definition for all Title IV awards for students enrolled in a particular program, and for all other Title IV program purposes. Weeks of Instructional Time in an Academic Year For both undergraduate and graduate programs, the law and regulations require an academic year to include a minimum number of weeks of instructional time. For a program offered in credit hours, the academic year must include at least 30 weeks of instructional time. For a program offered in clock hours, the academic year must include at least 26 weeks of instructional time. Note: See Volume 2, Chapter 2 for information about academic year requirements for direct assessment programs, which do not measure academic progress using credit or clock hours. The number of weeks of instructional time is based on the period that generally begins on the first day of classes in the academic year and ends on the last day of classes or the last day of examinations, whichever is later. Schools that provide 2- or 4-year associate or baccalaureate degree programs may apply to the Department if they want to request approval to establish a full academic year of less than 30 weeks of instructional time. The Department is permitted to grant a reduction for good cause to no less than 26 weeks of instructional time. These requests are handled on a case-by-case basis. To request approval, contact the School Participation Division that oversees your school. A listing of contact information for the regional School Participation Divisions can be found in the Knowledge Center. For all Title IV programs, a week of instructional time is any period of seven consecutive days in which 3 At least one day of regularly scheduled instruction or examinations occurs, or, after the last scheduled day of classes']","The context provided does not specify the significance of Volume  2 beyond referencing it in relation to academic year requirements for direct assessment programs. It indicates that Volume  2, Chapter 2, contains information about academic year requirements for programs that do not measure academic progress using credit or clock hours.",single_hop_specifc_query_synthesizer
What information does Volume 8 provide regarding the inclusion of clinical work in standard term periods and its impact on funding disbursement policies?,"['Inclusion of Clinical Work in a Standard Term Periods of medical and education program clinical work which is conducted outside the classroom may not be included in a standard term, unless all of the following apply: All students in the program must participate in the practicum or clinical experience, and they must be required to complete the practicum or clinical experience as a condition for applying for licensure or authorization to practice the occupation they intend to pursue; The school has little or no control over the length or starting and ending dates of the practicum or clinical experience. This may be due to constraints imposed by outside licensing bodies or the need to accommodate schedules of entities with which students are being placed (e.g., school districts or hospitals); and Credit hours associated with the practicum or clinical experience must be associated with the term in which most of the training occurs, even if the starting and ending dates do not exactly align with the term dates and/or overlap with another term. If the clinical work meets all the above criteria, terms which include such clinical work are not required to be considered nonstandard, nor are such programs required to be considered non-term, even if the clinical work overlaps another term. This flexibility is limited to required clinical periods associated with standard term programs in medicine (including, but not limited to, allopathic, osteopathic, nursing, veterinary, dentistry, pharmacy, and physical therapy), and student teaching required to obtain a state teaching certificate. See Volume 8, Chapter 3 for additional guidance on certain exceptions to the normal loan period and disbursement timing rules for Direct Loans when clinical work that meets the criteria described above is included in a standard term. Nonstandard Terms Generally, nonstandard terms are terms that are not semesters, trimesters, or quarters. For example, a 5-week term or a 23-week term would be considered a nonstandard term because no standard term can be fewer than nine weeks or greater than 21 weeks in length. Like standard terms, nonstandard terms may be equal in length or may be of different lengths. If a program is offered in a combination of standard terms and nonstandard terms, the program is considered to be offered in nonstandard terms. Also, like standard terms, nonstandard terms may not overlap within a program. Even if a school calls its terms semesters, trimesters, or quarters, they are considered to be nonstandard terms if they do not comply with the policy on standard term length, as described earlier. For instance, a 22-week semester or an 8-week quarter must be treated as a nonstandard term, because a semester cannot contain more than 21 weeks and a quarter must include a minimum of nine weeks. Semesters, trimesters, or quarters are also considered to be nonstandard terms if academic progress is not measured in the manner normally associated with the type of term. For example, if a program is offered in 15-week semesters but measures academic progress in quarter credit hours, the semesters would be considered nonstandard terms.']","Volume 8 discusses the inclusion of clinical work in standard term periods, stating that clinical work conducted outside the classroom may not be included in a standard term unless all students participate in the practicum or clinical experience as a condition for licensure or practice, the school has little control over the clinical schedule, and credit hours are associated with the term where most training occurs. It also explains that terms including such clinical work are not required to be considered nonstandard if they meet these criteria, even if overlapping with other terms. Additionally, Volume 8 provides guidance on exceptions to normal loan periods and disbursement timing rules for Direct Loans when clinical work meeting these criteria is included in a standard term.",single_hop_specifc_query_synthesizer
"In the context of Chapter 3, how are clinical work periods incorporated into standard term periods for students?","['Inclusion of Clinical Work in a Standard Term Periods of medical and education program clinical work which is conducted outside the classroom may not be included in a standard term, unless all of the following apply: All students in the program must participate in the practicum or clinical experience, and they must be required to complete the practicum or clinical experience as a condition for applying for licensure or authorization to practice the occupation they intend to pursue; The school has little or no control over the length or starting and ending dates of the practicum or clinical experience. This may be due to constraints imposed by outside licensing bodies or the need to accommodate schedules of entities with which students are being placed (e.g., school districts or hospitals); and Credit hours associated with the practicum or clinical experience must be associated with the term in which most of the training occurs, even if the starting and ending dates do not exactly align with the term dates and/or overlap with another term. If the clinical work meets all the above criteria, terms which include such clinical work are not required to be considered nonstandard, nor are such programs required to be considered non-term, even if the clinical work overlaps another term. This flexibility is limited to required clinical periods associated with standard term programs in medicine (including, but not limited to, allopathic, osteopathic, nursing, veterinary, dentistry, pharmacy, and physical therapy), and student teaching required to obtain a state teaching certificate. See Volume 8, Chapter 3 for additional guidance on certain exceptions to the normal loan period and disbursement timing rules for Direct Loans when clinical work that meets the criteria described above is included in a standard term. Nonstandard Terms Generally, nonstandard terms are terms that are not semesters, trimesters, or quarters. For example, a 5-week term or a 23-week term would be considered a nonstandard term because no standard term can be fewer than nine weeks or greater than 21 weeks in length. Like standard terms, nonstandard terms may be equal in length or may be of different lengths. If a program is offered in a combination of standard terms and nonstandard terms, the program is considered to be offered in nonstandard terms. Also, like standard terms, nonstandard terms may not overlap within a program. Even if a school calls its terms semesters, trimesters, or quarters, they are considered to be nonstandard terms if they do not comply with the policy on standard term length, as described earlier. For instance, a 22-week semester or an 8-week quarter must be treated as a nonstandard term, because a semester cannot contain more than 21 weeks and a quarter must include a minimum of nine weeks. Semesters, trimesters, or quarters are also considered to be nonstandard terms if academic progress is not measured in the manner normally associated with the type of term. For example, if a program is offered in 15-week semesters but measures academic progress in quarter credit hours, the semesters would be considered nonstandard terms.']","Inclusion of clinical work in a standard term depends on specific criteria: all students must participate in the practicum or clinical experience, which is required for licensure or practice; the school has little or no control over the length or dates of the clinical work; and credit hours related to the clinical work must be associated with the term in which most of the training occurs, even if dates overlap or do not align exactly. If these conditions are met, such clinical work is included within standard terms and the term is not considered nonstandard, even if the clinical work overlaps another term.",single_hop_specifc_query_synthesizer
Is Federal Work-Study a payment period program?,"['Non-Term Characteristics A program that measures progress in clock hours is always treated as a non-term program. Except for subscription-based programs, a program that measures progress in credit-hours is considered to have a non- term calendar if it has: Courses that do not begin and end within a set period of time such as a term; Courses that overlap terms; Self-paced and independent study courses that overlap terms; or Sequential courses that do not begin and end within a term. Payment Periods The payment period is applicable to all Title IV programs except the Federal Work-Study (FWS) Program. For example, Title IV program disbursements (except FWS payments) must be made on a payment period basis, as discussed in detail']",The payment period is applicable to all Title IV programs except the Federal Work-Study (FWS) Program.,single_hop_specifc_query_synthesizer
What is the significance of Title IV in relation to payment periods for student funding?,"['Non-Term Characteristics A program that measures progress in clock hours is always treated as a non-term program. Except for subscription-based programs, a program that measures progress in credit-hours is considered to have a non- term calendar if it has: Courses that do not begin and end within a set period of time such as a term; Courses that overlap terms; Self-paced and independent study courses that overlap terms; or Sequential courses that do not begin and end within a term. Payment Periods The payment period is applicable to all Title IV programs except the Federal Work-Study (FWS) Program. For example, Title IV program disbursements (except FWS payments) must be made on a payment period basis, as discussed in detail']","The payment period is applicable to all Title IV programs except the Federal Work-Study (FWS) Program. For example, Title IV program disbursements, excluding FWS payments, must be made on a payment period basis.",single_hop_specifc_query_synthesizer
Can you tell me what FSEOG stands for?,"['both the credit or clock hours and the weeks of instructional time in a payment period before receiving a disbursement of Pell Grant, FSEOG, TEACH Grant or Direct Loan funds for the next payment period. For the Direct Loan Program only, this same requirement applies to students who are enrolled in programs with nonstandard terms that are not substantially equal in length. Effect of Accelerated Progression on Disbursement Timing in a Clock-Hour or Non-Term Credit-Hour Program The Pell Grant or TEACH Grant amount that a student is eligible to receive for a payment period in a clock-hour or non- term credit-hour program is based on the number of hours and weeks in the scheduled payment periods for the program that are established at the beginning of the program based on the program length (as described earlier in this chapter). These scheduled payment periods do not change, regardless of a student9s rate of progression through a clock-hour or non-term credit-hour program. This means that if a student completes additional weeks of instructional time or hours while completing the other measure of a payment period, the actual number of weeks or hours that the student completes before a disbursement can be made for the next payment period may differ from the number of weeks or hours in the scheduled payment period used to determine the student9s grant amount for the payment period. Although a student9s completion of additional weeks or hours in a payment period has no effect on the scheduled payment periods for purposes of determining Pell Grant and TEACH Grant payment amounts, an undergraduate student who accelerates in a clock-hour or non-term credit-hour program may have reduced Direct Loan eligibility in the final academic year of a program. Specifically, if a student enrolled in a program that is greater than one academic year in length completes additional clock or credit hours prior to the final academic year of the program, this may result in a final period of study that contains fewer clock or credit hours than the number of hours in the program9s defined academic year. In this circumstance, the Direct Loan annual loan limit for an undergraduate student must be prorated (reduced). The principles described above are illustrated by the examples in Appendix A at the end of this chapter. For guidance on calculating Pell Grant and TEACH Grant awards for clock-hour and non-term credit-hour programs, see Volume 7. For information on Direct Loan annual loan limit proration and annual loan limit progression in clock-hour and non-term credit- hour programs, see Volume 8, Chapters 5 and 6. If your school is unable to determine when a student has successfully completed half of the credit or clock hours in a program, academic year, or remainder of a program, the student is considered to have begun the second payment period of the program, academic year, or remainder of a program at the later of the date (identified by your school) that the student has successfully completed: half of the academic coursework in the program, academic year, or remainder of the program; or half of the number of weeks of instructional time in the program, academic year, or remainder of the program.']","The context provided does not specify what FSEOG stands for, only that it is a type of fund related to disbursement policies for student financial aid programs.",single_hop_specifc_query_synthesizer
How does the completion of additional hours or weeks in a program affect the disbursement of a Direct Loan for students enrolled in nonstandard terms?,"['both the credit or clock hours and the weeks of instructional time in a payment period before receiving a disbursement of Pell Grant, FSEOG, TEACH Grant or Direct Loan funds for the next payment period. For the Direct Loan Program only, this same requirement applies to students who are enrolled in programs with nonstandard terms that are not substantially equal in length. Effect of Accelerated Progression on Disbursement Timing in a Clock-Hour or Non-Term Credit-Hour Program The Pell Grant or TEACH Grant amount that a student is eligible to receive for a payment period in a clock-hour or non- term credit-hour program is based on the number of hours and weeks in the scheduled payment periods for the program that are established at the beginning of the program based on the program length (as described earlier in this chapter). These scheduled payment periods do not change, regardless of a student9s rate of progression through a clock-hour or non-term credit-hour program. This means that if a student completes additional weeks of instructional time or hours while completing the other measure of a payment period, the actual number of weeks or hours that the student completes before a disbursement can be made for the next payment period may differ from the number of weeks or hours in the scheduled payment period used to determine the student9s grant amount for the payment period. Although a student9s completion of additional weeks or hours in a payment period has no effect on the scheduled payment periods for purposes of determining Pell Grant and TEACH Grant payment amounts, an undergraduate student who accelerates in a clock-hour or non-term credit-hour program may have reduced Direct Loan eligibility in the final academic year of a program. Specifically, if a student enrolled in a program that is greater than one academic year in length completes additional clock or credit hours prior to the final academic year of the program, this may result in a final period of study that contains fewer clock or credit hours than the number of hours in the program9s defined academic year. In this circumstance, the Direct Loan annual loan limit for an undergraduate student must be prorated (reduced). The principles described above are illustrated by the examples in Appendix A at the end of this chapter. For guidance on calculating Pell Grant and TEACH Grant awards for clock-hour and non-term credit-hour programs, see Volume 7. For information on Direct Loan annual loan limit proration and annual loan limit progression in clock-hour and non-term credit- hour programs, see Volume 8, Chapters 5 and 6. If your school is unable to determine when a student has successfully completed half of the credit or clock hours in a program, academic year, or remainder of a program, the student is considered to have begun the second payment period of the program, academic year, or remainder of a program at the later of the date (identified by your school) that the student has successfully completed: half of the academic coursework in the program, academic year, or remainder of the program; or half of the number of weeks of instructional time in the program, academic year, or remainder of the program.']","The scheduled payment periods for Pell Grant and TEACH Grant amounts do not change regardless of additional hours or weeks completed. However, for a Direct Loan, if a student accelerates in a clock-hour or non-term credit-hour program and completes additional hours prior to the final academic year, this may result in a final period with fewer hours than the program's defined academic year. Consequently, the undergraduate student's annual loan limit must be prorated (reduced).",single_hop_specifc_query_synthesizer
How do the disbursement requirements and timing differ for students in clock-hour programs versus subscription-based programs?,"['<1-hop>\n\nboth the credit or clock hours and the weeks of instructional time in a payment period before receiving a disbursement of Pell Grant, FSEOG, TEACH Grant or Direct Loan funds for the next payment period. For the Direct Loan Program only, this same requirement applies to students who are enrolled in programs with nonstandard terms that are not substantially equal in length. Effect of Accelerated Progression on Disbursement Timing in a Clock-Hour or Non-Term Credit-Hour Program The Pell Grant or TEACH Grant amount that a student is eligible to receive for a payment period in a clock-hour or non- term credit-hour program is based on the number of hours and weeks in the scheduled payment periods for the program that are established at the beginning of the program based on the program length (as described earlier in this chapter). These scheduled payment periods do not change, regardless of a student9s rate of progression through a clock-hour or non-term credit-hour program. This means that if a student completes additional weeks of instructional time or hours while completing the other measure of a payment period, the actual number of weeks or hours that the student completes before a disbursement can be made for the next payment period may differ from the number of weeks or hours in the scheduled payment period used to determine the student9s grant amount for the payment period. Although a student9s completion of additional weeks or hours in a payment period has no effect on the scheduled payment periods for purposes of determining Pell Grant and TEACH Grant payment amounts, an undergraduate student who accelerates in a clock-hour or non-term credit-hour program may have reduced Direct Loan eligibility in the final academic year of a program. Specifically, if a student enrolled in a program that is greater than one academic year in length completes additional clock or credit hours prior to the final academic year of the program, this may result in a final period of study that contains fewer clock or credit hours than the number of hours in the program9s defined academic year. In this circumstance, the Direct Loan annual loan limit for an undergraduate student must be prorated (reduced). The principles described above are illustrated by the examples in Appendix A at the end of this chapter. For guidance on calculating Pell Grant and TEACH Grant awards for clock-hour and non-term credit-hour programs, see Volume 7. For information on Direct Loan annual loan limit proration and annual loan limit progression in clock-hour and non-term credit- hour programs, see Volume 8, Chapters 5 and 6. If your school is unable to determine when a student has successfully completed half of the credit or clock hours in a program, academic year, or remainder of a program, the student is considered to have begun the second payment period of the program, academic year, or remainder of a program at the later of the date (identified by your school) that the student has successfully completed: half of the academic coursework in the program, academic year, or remainder of the program; or half of the number of weeks of instructional time in the program, academic year, or remainder of the program.', '<2-hop>\n\nDisbursement Timing in Subscription-Based Programs For the first two subscription periods (terms) that a student attends in a subscription-based program, there is no requirement for the student to have completed a certain amount of coursework before receiving a disbursement of Title IV funds (the same as in any other term-based program using credit hours). However, to receive a disbursement of Title IV aid for each subsequent subscription period in the program, the student must have completed a cumulative number of credit hours equal to the total of the number of hours for which the student was enrolled in all previously attended subscription periods in the program, excluding the number of hours for which the student was enrolled in the most recently attended subscription period. For more detailed guidance on the disbursement rules for subscription-based programs, including examples, refer to Appendix B at the end of this chapter. Multiple Disbursements Within a Payment Period The regulations governing the Title IV programs generally permit schools to pay Title IV funds at such times and in such installments within each payment period as will best meet students9 needs. This gives schools the ability to apportion the payment if doing so will be in the best interest of the student. For example, if a payment period is particularly long, a school might choose to pay in multiple installments to the extent program requirements permit to ensure that a student will have funds to pay rent later in the payment period. If a school chooses to schedule multiple Direct Loan disbursements within a single payment period, the disbursements must be substantially equal. Note also that if the loan period for a Direct Loan is a single payment period, the loan must be disbursed in at least two installments unless the school qualifies for an exception to the multiple disbursement requirement. See Volume 8, Chapter 3 for more']","For students in clock-hour or non-term credit-hour programs, disbursement of funds depends on meeting specific credit or clock hours and instructional weeks in a payment period, with additional considerations if the student accelerates or completes extra hours, which can affect eligibility and prorate loan limits. In contrast, for subscription-based programs, the first two subscription periods do not require completion of coursework before disbursement, but subsequent disbursements depend on the student having completed a cumulative number of credit hours from previous periods, excluding the most recent one. Multiple disbursements within a payment period are permitted and must be substantially equal if scheduled multiple times, providing flexibility to meet students' needs.",multi_hop_abstract_query_synthesizer
"How does the impact of term length on academic progress measurement relate to the inclusion of sequential courses outside of a term, particularly in the context of clinical work that overlaps multiple terms?","['<1-hop>\n\nInclusion of Clinical Work in a Standard Term Periods of medical and education program clinical work which is conducted outside the classroom may not be included in a standard term, unless all of the following apply: All students in the program must participate in the practicum or clinical experience, and they must be required to complete the practicum or clinical experience as a condition for applying for licensure or authorization to practice the occupation they intend to pursue; The school has little or no control over the length or starting and ending dates of the practicum or clinical experience. This may be due to constraints imposed by outside licensing bodies or the need to accommodate schedules of entities with which students are being placed (e.g., school districts or hospitals); and Credit hours associated with the practicum or clinical experience must be associated with the term in which most of the training occurs, even if the starting and ending dates do not exactly align with the term dates and/or overlap with another term. If the clinical work meets all the above criteria, terms which include such clinical work are not required to be considered nonstandard, nor are such programs required to be considered non-term, even if the clinical work overlaps another term. This flexibility is limited to required clinical periods associated with standard term programs in medicine (including, but not limited to, allopathic, osteopathic, nursing, veterinary, dentistry, pharmacy, and physical therapy), and student teaching required to obtain a state teaching certificate. See Volume 8, Chapter 3 for additional guidance on certain exceptions to the normal loan period and disbursement timing rules for Direct Loans when clinical work that meets the criteria described above is included in a standard term. Nonstandard Terms Generally, nonstandard terms are terms that are not semesters, trimesters, or quarters. For example, a 5-week term or a 23-week term would be considered a nonstandard term because no standard term can be fewer than nine weeks or greater than 21 weeks in length. Like standard terms, nonstandard terms may be equal in length or may be of different lengths. If a program is offered in a combination of standard terms and nonstandard terms, the program is considered to be offered in nonstandard terms. Also, like standard terms, nonstandard terms may not overlap within a program. Even if a school calls its terms semesters, trimesters, or quarters, they are considered to be nonstandard terms if they do not comply with the policy on standard term length, as described earlier. For instance, a 22-week semester or an 8-week quarter must be treated as a nonstandard term, because a semester cannot contain more than 21 weeks and a quarter must include a minimum of nine weeks. Semesters, trimesters, or quarters are also considered to be nonstandard terms if academic progress is not measured in the manner normally associated with the type of term. For example, if a program is offered in 15-week semesters but measures academic progress in quarter credit hours, the semesters would be considered nonstandard terms.', '<2-hop>\n\nNon-Term Characteristics A program that measures progress in clock hours is always treated as a non-term program. Except for subscription-based programs, a program that measures progress in credit-hours is considered to have a non- term calendar if it has: Courses that do not begin and end within a set period of time such as a term; Courses that overlap terms; Self-paced and independent study courses that overlap terms; or Sequential courses that do not begin and end within a term. Payment Periods The payment period is applicable to all Title IV programs except the Federal Work-Study (FWS) Program. For example, Title IV program disbursements (except FWS payments) must be made on a payment period basis, as discussed in detail']","The impact of term length on academic progress measurement is significant because programs that measure progress in credit hours or clock hours, especially when courses overlap multiple terms or are sequential outside of a standard term, are considered non-term programs. Specifically, clinical work conducted outside classroom settings, which may overlap with multiple terms and meet certain criteria, can influence whether a program is classified as standard or nonstandard. When clinical experiences or sequential courses do not fit within a single term's duration, they contribute to the program being considered nonstandard, affecting how academic progress is measured and how disbursements are managed within payment periods.",multi_hop_abstract_query_synthesizer
"How does school discretion in payment scheduling impact program length and schedule consistency, especially considering the timing of disbursements in both standard and subscription-based programs?","['<1-hop>\n\nboth the credit or clock hours and the weeks of instructional time in a payment period before receiving a disbursement of Pell Grant, FSEOG, TEACH Grant or Direct Loan funds for the next payment period. For the Direct Loan Program only, this same requirement applies to students who are enrolled in programs with nonstandard terms that are not substantially equal in length. Effect of Accelerated Progression on Disbursement Timing in a Clock-Hour or Non-Term Credit-Hour Program The Pell Grant or TEACH Grant amount that a student is eligible to receive for a payment period in a clock-hour or non- term credit-hour program is based on the number of hours and weeks in the scheduled payment periods for the program that are established at the beginning of the program based on the program length (as described earlier in this chapter). These scheduled payment periods do not change, regardless of a student9s rate of progression through a clock-hour or non-term credit-hour program. This means that if a student completes additional weeks of instructional time or hours while completing the other measure of a payment period, the actual number of weeks or hours that the student completes before a disbursement can be made for the next payment period may differ from the number of weeks or hours in the scheduled payment period used to determine the student9s grant amount for the payment period. Although a student9s completion of additional weeks or hours in a payment period has no effect on the scheduled payment periods for purposes of determining Pell Grant and TEACH Grant payment amounts, an undergraduate student who accelerates in a clock-hour or non-term credit-hour program may have reduced Direct Loan eligibility in the final academic year of a program. Specifically, if a student enrolled in a program that is greater than one academic year in length completes additional clock or credit hours prior to the final academic year of the program, this may result in a final period of study that contains fewer clock or credit hours than the number of hours in the program9s defined academic year. In this circumstance, the Direct Loan annual loan limit for an undergraduate student must be prorated (reduced). The principles described above are illustrated by the examples in Appendix A at the end of this chapter. For guidance on calculating Pell Grant and TEACH Grant awards for clock-hour and non-term credit-hour programs, see Volume 7. For information on Direct Loan annual loan limit proration and annual loan limit progression in clock-hour and non-term credit- hour programs, see Volume 8, Chapters 5 and 6. If your school is unable to determine when a student has successfully completed half of the credit or clock hours in a program, academic year, or remainder of a program, the student is considered to have begun the second payment period of the program, academic year, or remainder of a program at the later of the date (identified by your school) that the student has successfully completed: half of the academic coursework in the program, academic year, or remainder of the program; or half of the number of weeks of instructional time in the program, academic year, or remainder of the program.', '<2-hop>\n\nDisbursement Timing in Subscription-Based Programs For the first two subscription periods (terms) that a student attends in a subscription-based program, there is no requirement for the student to have completed a certain amount of coursework before receiving a disbursement of Title IV funds (the same as in any other term-based program using credit hours). However, to receive a disbursement of Title IV aid for each subsequent subscription period in the program, the student must have completed a cumulative number of credit hours equal to the total of the number of hours for which the student was enrolled in all previously attended subscription periods in the program, excluding the number of hours for which the student was enrolled in the most recently attended subscription period. For more detailed guidance on the disbursement rules for subscription-based programs, including examples, refer to Appendix B at the end of this chapter. Multiple Disbursements Within a Payment Period The regulations governing the Title IV programs generally permit schools to pay Title IV funds at such times and in such installments within each payment period as will best meet students9 needs. This gives schools the ability to apportion the payment if doing so will be in the best interest of the student. For example, if a payment period is particularly long, a school might choose to pay in multiple installments to the extent program requirements permit to ensure that a student will have funds to pay rent later in the payment period. If a school chooses to schedule multiple Direct Loan disbursements within a single payment period, the disbursements must be substantially equal. Note also that if the loan period for a Direct Loan is a single payment period, the loan must be disbursed in at least two installments unless the school qualifies for an exception to the multiple disbursement requirement. See Volume 8, Chapter 3 for more']","School discretion in payment scheduling allows institutions to determine when disbursements occur within a payment period, which can affect program length and schedule consistency. In standard programs, scheduled payment periods are based on the established program length, and additional weeks or hours completed by students do not alter these periods, although they may influence disbursement timing. For accelerated progression, students completing extra hours might see a reduction in their final year's loan eligibility due to prorated limits. In subscription-based programs, disbursements are initially made without requiring completion of coursework, but subsequent disbursements depend on students completing cumulative credit hours, which is also subject to school discretion. Multiple disbursements within a payment period can be scheduled to meet students' needs, with the possibility of dividing funds into substantially equal installments, further emphasizing the role of school discretion in managing payment timing and ensuring program schedule consistency.",multi_hop_abstract_query_synthesizer
"Considering the policy compliance for academic term lengths and the inclusion of sequential courses outside of a term, how does the disbursement of Title IV program funds accommodate programs that measure progress in clock hours or have courses overlapping multiple terms, especially when clinical work is involved outside standard terms?","['<1-hop>\n\nInclusion of Clinical Work in a Standard Term Periods of medical and education program clinical work which is conducted outside the classroom may not be included in a standard term, unless all of the following apply: All students in the program must participate in the practicum or clinical experience, and they must be required to complete the practicum or clinical experience as a condition for applying for licensure or authorization to practice the occupation they intend to pursue; The school has little or no control over the length or starting and ending dates of the practicum or clinical experience. This may be due to constraints imposed by outside licensing bodies or the need to accommodate schedules of entities with which students are being placed (e.g., school districts or hospitals); and Credit hours associated with the practicum or clinical experience must be associated with the term in which most of the training occurs, even if the starting and ending dates do not exactly align with the term dates and/or overlap with another term. If the clinical work meets all the above criteria, terms which include such clinical work are not required to be considered nonstandard, nor are such programs required to be considered non-term, even if the clinical work overlaps another term. This flexibility is limited to required clinical periods associated with standard term programs in medicine (including, but not limited to, allopathic, osteopathic, nursing, veterinary, dentistry, pharmacy, and physical therapy), and student teaching required to obtain a state teaching certificate. See Volume 8, Chapter 3 for additional guidance on certain exceptions to the normal loan period and disbursement timing rules for Direct Loans when clinical work that meets the criteria described above is included in a standard term. Nonstandard Terms Generally, nonstandard terms are terms that are not semesters, trimesters, or quarters. For example, a 5-week term or a 23-week term would be considered a nonstandard term because no standard term can be fewer than nine weeks or greater than 21 weeks in length. Like standard terms, nonstandard terms may be equal in length or may be of different lengths. If a program is offered in a combination of standard terms and nonstandard terms, the program is considered to be offered in nonstandard terms. Also, like standard terms, nonstandard terms may not overlap within a program. Even if a school calls its terms semesters, trimesters, or quarters, they are considered to be nonstandard terms if they do not comply with the policy on standard term length, as described earlier. For instance, a 22-week semester or an 8-week quarter must be treated as a nonstandard term, because a semester cannot contain more than 21 weeks and a quarter must include a minimum of nine weeks. Semesters, trimesters, or quarters are also considered to be nonstandard terms if academic progress is not measured in the manner normally associated with the type of term. For example, if a program is offered in 15-week semesters but measures academic progress in quarter credit hours, the semesters would be considered nonstandard terms.', '<2-hop>\n\nNon-Term Characteristics A program that measures progress in clock hours is always treated as a non-term program. Except for subscription-based programs, a program that measures progress in credit-hours is considered to have a non- term calendar if it has: Courses that do not begin and end within a set period of time such as a term; Courses that overlap terms; Self-paced and independent study courses that overlap terms; or Sequential courses that do not begin and end within a term. Payment Periods The payment period is applicable to all Title IV programs except the Federal Work-Study (FWS) Program. For example, Title IV program disbursements (except FWS payments) must be made on a payment period basis, as discussed in detail']","The disbursement of Title IV program funds is based on payment periods applicable to all programs except the Federal Work-Study (FWS) Program. For programs that measure progress in clock hours or include courses that do not begin and end within a set period, such as clinical work conducted outside standard terms, the policy allows for flexibility in disbursement timing. Specifically, if clinical work meets the criteria for inclusion within a standard term—such as participation by all students as a condition for licensure and credit hours associated with the training occurring within the term—then the program can be considered compliant with policy requirements. Additionally, programs with sequential courses outside of a term or those involving overlapping courses are recognized as nonstandard or non-term, which influences how disbursements are scheduled. Overall, the policies ensure that funding disbursements align with the program's structure, whether it involves standard or nonstandard terms, and accommodate clinical work outside typical term dates, provided all criteria are met.",multi_hop_abstract_query_synthesizer
"How does policy compliance for academic term lengths relate to the inclusion of sequential courses outside of a term, especially considering nonstandard terms and clinical work that overlaps multiple terms?","['<1-hop>\n\nInclusion of Clinical Work in a Standard Term Periods of medical and education program clinical work which is conducted outside the classroom may not be included in a standard term, unless all of the following apply: All students in the program must participate in the practicum or clinical experience, and they must be required to complete the practicum or clinical experience as a condition for applying for licensure or authorization to practice the occupation they intend to pursue; The school has little or no control over the length or starting and ending dates of the practicum or clinical experience. This may be due to constraints imposed by outside licensing bodies or the need to accommodate schedules of entities with which students are being placed (e.g., school districts or hospitals); and Credit hours associated with the practicum or clinical experience must be associated with the term in which most of the training occurs, even if the starting and ending dates do not exactly align with the term dates and/or overlap with another term. If the clinical work meets all the above criteria, terms which include such clinical work are not required to be considered nonstandard, nor are such programs required to be considered non-term, even if the clinical work overlaps another term. This flexibility is limited to required clinical periods associated with standard term programs in medicine (including, but not limited to, allopathic, osteopathic, nursing, veterinary, dentistry, pharmacy, and physical therapy), and student teaching required to obtain a state teaching certificate. See Volume 8, Chapter 3 for additional guidance on certain exceptions to the normal loan period and disbursement timing rules for Direct Loans when clinical work that meets the criteria described above is included in a standard term. Nonstandard Terms Generally, nonstandard terms are terms that are not semesters, trimesters, or quarters. For example, a 5-week term or a 23-week term would be considered a nonstandard term because no standard term can be fewer than nine weeks or greater than 21 weeks in length. Like standard terms, nonstandard terms may be equal in length or may be of different lengths. If a program is offered in a combination of standard terms and nonstandard terms, the program is considered to be offered in nonstandard terms. Also, like standard terms, nonstandard terms may not overlap within a program. Even if a school calls its terms semesters, trimesters, or quarters, they are considered to be nonstandard terms if they do not comply with the policy on standard term length, as described earlier. For instance, a 22-week semester or an 8-week quarter must be treated as a nonstandard term, because a semester cannot contain more than 21 weeks and a quarter must include a minimum of nine weeks. Semesters, trimesters, or quarters are also considered to be nonstandard terms if academic progress is not measured in the manner normally associated with the type of term. For example, if a program is offered in 15-week semesters but measures academic progress in quarter credit hours, the semesters would be considered nonstandard terms.', '<2-hop>\n\nNon-Term Characteristics A program that measures progress in clock hours is always treated as a non-term program. Except for subscription-based programs, a program that measures progress in credit-hours is considered to have a non- term calendar if it has: Courses that do not begin and end within a set period of time such as a term; Courses that overlap terms; Self-paced and independent study courses that overlap terms; or Sequential courses that do not begin and end within a term. Payment Periods The payment period is applicable to all Title IV programs except the Federal Work-Study (FWS) Program. For example, Title IV program disbursements (except FWS payments) must be made on a payment period basis, as discussed in detail']","Policy compliance for academic term lengths affects how sequential courses outside of a term are managed, particularly in nonstandard terms that do not conform to standard durations. The context explains that clinical work conducted outside classroom settings may be included in standard terms if certain criteria are met, such as participation requirements and credit hour associations within the training period. Additionally, courses that do not begin and end within a set period, overlap multiple terms, or are self-paced are considered non-term or nonstandard, impacting how payment periods are structured. Therefore, understanding the relationship between policy compliance for term lengths and the inclusion of sequential or clinical courses is essential for ensuring proper funding and adherence to regulations.",multi_hop_abstract_query_synthesizer
"How does policy compliance for academic term lengths relate to the inclusion of clinical work outside standard terms, and what considerations are there for sequential courses that do not fit within a single term?","['<1-hop>\n\nInclusion of Clinical Work in a Standard Term Periods of medical and education program clinical work which is conducted outside the classroom may not be included in a standard term, unless all of the following apply: All students in the program must participate in the practicum or clinical experience, and they must be required to complete the practicum or clinical experience as a condition for applying for licensure or authorization to practice the occupation they intend to pursue; The school has little or no control over the length or starting and ending dates of the practicum or clinical experience. This may be due to constraints imposed by outside licensing bodies or the need to accommodate schedules of entities with which students are being placed (e.g., school districts or hospitals); and Credit hours associated with the practicum or clinical experience must be associated with the term in which most of the training occurs, even if the starting and ending dates do not exactly align with the term dates and/or overlap with another term. If the clinical work meets all the above criteria, terms which include such clinical work are not required to be considered nonstandard, nor are such programs required to be considered non-term, even if the clinical work overlaps another term. This flexibility is limited to required clinical periods associated with standard term programs in medicine (including, but not limited to, allopathic, osteopathic, nursing, veterinary, dentistry, pharmacy, and physical therapy), and student teaching required to obtain a state teaching certificate. See Volume 8, Chapter 3 for additional guidance on certain exceptions to the normal loan period and disbursement timing rules for Direct Loans when clinical work that meets the criteria described above is included in a standard term. Nonstandard Terms Generally, nonstandard terms are terms that are not semesters, trimesters, or quarters. For example, a 5-week term or a 23-week term would be considered a nonstandard term because no standard term can be fewer than nine weeks or greater than 21 weeks in length. Like standard terms, nonstandard terms may be equal in length or may be of different lengths. If a program is offered in a combination of standard terms and nonstandard terms, the program is considered to be offered in nonstandard terms. Also, like standard terms, nonstandard terms may not overlap within a program. Even if a school calls its terms semesters, trimesters, or quarters, they are considered to be nonstandard terms if they do not comply with the policy on standard term length, as described earlier. For instance, a 22-week semester or an 8-week quarter must be treated as a nonstandard term, because a semester cannot contain more than 21 weeks and a quarter must include a minimum of nine weeks. Semesters, trimesters, or quarters are also considered to be nonstandard terms if academic progress is not measured in the manner normally associated with the type of term. For example, if a program is offered in 15-week semesters but measures academic progress in quarter credit hours, the semesters would be considered nonstandard terms.', '<2-hop>\n\nNon-Term Characteristics A program that measures progress in clock hours is always treated as a non-term program. Except for subscription-based programs, a program that measures progress in credit-hours is considered to have a non- term calendar if it has: Courses that do not begin and end within a set period of time such as a term; Courses that overlap terms; Self-paced and independent study courses that overlap terms; or Sequential courses that do not begin and end within a term. Payment Periods The payment period is applicable to all Title IV programs except the Federal Work-Study (FWS) Program. For example, Title IV program disbursements (except FWS payments) must be made on a payment period basis, as discussed in detail']","Policy compliance for academic term lengths affects the inclusion of clinical work conducted outside standard terms by requiring that clinical experiences meet specific criteria—such as participation by all students, control over scheduling, and credit hours aligning with training periods—to be included within standard terms. Clinical work that overlaps multiple terms or occurs outside the typical length of standard terms may be considered nonstandard unless it meets these criteria. Additionally, sequential courses outside of a term, especially those that do not begin and end within a single term or overlap with other terms, are considered nonstandard and must comply with policies regarding non-term characteristics, such as measuring progress in clock hours or credit hours outside set periods. This ensures that programs maintain policy compliance while accommodating clinical and sequential coursework outside traditional term structures.",multi_hop_abstract_query_synthesizer
"How do disbursement rules and guidance relate to instructional time and program hours in determining the timing of student funding disbursements, especially considering accelerated progression and subscription-based programs?","['<1-hop>\n\nboth the credit or clock hours and the weeks of instructional time in a payment period before receiving a disbursement of Pell Grant, FSEOG, TEACH Grant or Direct Loan funds for the next payment period. For the Direct Loan Program only, this same requirement applies to students who are enrolled in programs with nonstandard terms that are not substantially equal in length. Effect of Accelerated Progression on Disbursement Timing in a Clock-Hour or Non-Term Credit-Hour Program The Pell Grant or TEACH Grant amount that a student is eligible to receive for a payment period in a clock-hour or non- term credit-hour program is based on the number of hours and weeks in the scheduled payment periods for the program that are established at the beginning of the program based on the program length (as described earlier in this chapter). These scheduled payment periods do not change, regardless of a student9s rate of progression through a clock-hour or non-term credit-hour program. This means that if a student completes additional weeks of instructional time or hours while completing the other measure of a payment period, the actual number of weeks or hours that the student completes before a disbursement can be made for the next payment period may differ from the number of weeks or hours in the scheduled payment period used to determine the student9s grant amount for the payment period. Although a student9s completion of additional weeks or hours in a payment period has no effect on the scheduled payment periods for purposes of determining Pell Grant and TEACH Grant payment amounts, an undergraduate student who accelerates in a clock-hour or non-term credit-hour program may have reduced Direct Loan eligibility in the final academic year of a program. Specifically, if a student enrolled in a program that is greater than one academic year in length completes additional clock or credit hours prior to the final academic year of the program, this may result in a final period of study that contains fewer clock or credit hours than the number of hours in the program9s defined academic year. In this circumstance, the Direct Loan annual loan limit for an undergraduate student must be prorated (reduced). The principles described above are illustrated by the examples in Appendix A at the end of this chapter. For guidance on calculating Pell Grant and TEACH Grant awards for clock-hour and non-term credit-hour programs, see Volume 7. For information on Direct Loan annual loan limit proration and annual loan limit progression in clock-hour and non-term credit- hour programs, see Volume 8, Chapters 5 and 6. If your school is unable to determine when a student has successfully completed half of the credit or clock hours in a program, academic year, or remainder of a program, the student is considered to have begun the second payment period of the program, academic year, or remainder of a program at the later of the date (identified by your school) that the student has successfully completed: half of the academic coursework in the program, academic year, or remainder of the program; or half of the number of weeks of instructional time in the program, academic year, or remainder of the program.', '<2-hop>\n\nDisbursement Timing in Subscription-Based Programs For the first two subscription periods (terms) that a student attends in a subscription-based program, there is no requirement for the student to have completed a certain amount of coursework before receiving a disbursement of Title IV funds (the same as in any other term-based program using credit hours). However, to receive a disbursement of Title IV aid for each subsequent subscription period in the program, the student must have completed a cumulative number of credit hours equal to the total of the number of hours for which the student was enrolled in all previously attended subscription periods in the program, excluding the number of hours for which the student was enrolled in the most recently attended subscription period. For more detailed guidance on the disbursement rules for subscription-based programs, including examples, refer to Appendix B at the end of this chapter. Multiple Disbursements Within a Payment Period The regulations governing the Title IV programs generally permit schools to pay Title IV funds at such times and in such installments within each payment period as will best meet students9 needs. This gives schools the ability to apportion the payment if doing so will be in the best interest of the student. For example, if a payment period is particularly long, a school might choose to pay in multiple installments to the extent program requirements permit to ensure that a student will have funds to pay rent later in the payment period. If a school chooses to schedule multiple Direct Loan disbursements within a single payment period, the disbursements must be substantially equal. Note also that if the loan period for a Direct Loan is a single payment period, the loan must be disbursed in at least two installments unless the school qualifies for an exception to the multiple disbursement requirement. See Volume 8, Chapter 3 for more']","Disbursement rules and guidance specify that the timing of student funding disbursements, such as Pell Grants, TEACH Grants, and Direct Loans, depends on instructional time and program hours. For example, in clock-hour or non-term credit-hour programs, students must complete scheduled payment periods based on hours and weeks established at the start of the program, regardless of accelerated progression, which may affect final loan eligibility. Additionally, in subscription-based programs, students can receive disbursements without prior coursework completion for the first two subscription periods, but subsequent disbursements require completing a cumulative number of credit hours corresponding to previous periods. Multiple disbursements within a payment period are permitted and must be substantially equal, ensuring that disbursement timing aligns with instructional time and program hours, thereby maintaining compliance with disbursement guidance.",multi_hop_abstract_query_synthesizer
"where appendix A and B tell disbursement rules for subscription and credit hours, how does that affect student funding timing and compliance?","['<1-hop>\n\nDisbursement Timing in Subscription-Based Programs For the first two subscription periods (terms) that a student attends in a subscription-based program, there is no requirement for the student to have completed a certain amount of coursework before receiving a disbursement of Title IV funds (the same as in any other term-based program using credit hours). However, to receive a disbursement of Title IV aid for each subsequent subscription period in the program, the student must have completed a cumulative number of credit hours equal to the total of the number of hours for which the student was enrolled in all previously attended subscription periods in the program, excluding the number of hours for which the student was enrolled in the most recently attended subscription period. For more detailed guidance on the disbursement rules for subscription-based programs, including examples, refer to Appendix B at the end of this chapter. Multiple Disbursements Within a Payment Period The regulations governing the Title IV programs generally permit schools to pay Title IV funds at such times and in such installments within each payment period as will best meet students9 needs. This gives schools the ability to apportion the payment if doing so will be in the best interest of the student. For example, if a payment period is particularly long, a school might choose to pay in multiple installments to the extent program requirements permit to ensure that a student will have funds to pay rent later in the payment period. If a school chooses to schedule multiple Direct Loan disbursements within a single payment period, the disbursements must be substantially equal. Note also that if the loan period for a Direct Loan is a single payment period, the loan must be disbursed in at least two installments unless the school qualifies for an exception to the multiple disbursement requirement. See Volume 8, Chapter 3 for more', '<2-hop>\n\nboth the credit or clock hours and the weeks of instructional time in a payment period before receiving a disbursement of Pell Grant, FSEOG, TEACH Grant or Direct Loan funds for the next payment period. For the Direct Loan Program only, this same requirement applies to students who are enrolled in programs with nonstandard terms that are not substantially equal in length. Effect of Accelerated Progression on Disbursement Timing in a Clock-Hour or Non-Term Credit-Hour Program The Pell Grant or TEACH Grant amount that a student is eligible to receive for a payment period in a clock-hour or non- term credit-hour program is based on the number of hours and weeks in the scheduled payment periods for the program that are established at the beginning of the program based on the program length (as described earlier in this chapter). These scheduled payment periods do not change, regardless of a student9s rate of progression through a clock-hour or non-term credit-hour program. This means that if a student completes additional weeks of instructional time or hours while completing the other measure of a payment period, the actual number of weeks or hours that the student completes before a disbursement can be made for the next payment period may differ from the number of weeks or hours in the scheduled payment period used to determine the student9s grant amount for the payment period. Although a student9s completion of additional weeks or hours in a payment period has no effect on the scheduled payment periods for purposes of determining Pell Grant and TEACH Grant payment amounts, an undergraduate student who accelerates in a clock-hour or non-term credit-hour program may have reduced Direct Loan eligibility in the final academic year of a program. Specifically, if a student enrolled in a program that is greater than one academic year in length completes additional clock or credit hours prior to the final academic year of the program, this may result in a final period of study that contains fewer clock or credit hours than the number of hours in the program9s defined academic year. In this circumstance, the Direct Loan annual loan limit for an undergraduate student must be prorated (reduced). The principles described above are illustrated by the examples in Appendix A at the end of this chapter. For guidance on calculating Pell Grant and TEACH Grant awards for clock-hour and non-term credit-hour programs, see Volume 7. For information on Direct Loan annual loan limit proration and annual loan limit progression in clock-hour and non-term credit- hour programs, see Volume 8, Chapters 5 and 6. If your school is unable to determine when a student has successfully completed half of the credit or clock hours in a program, academic year, or remainder of a program, the student is considered to have begun the second payment period of the program, academic year, or remainder of a program at the later of the date (identified by your school) that the student has successfully completed: half of the academic coursework in the program, academic year, or remainder of the program; or half of the number of weeks of instructional time in the program, academic year, or remainder of the program.']","Disbursement timing in subscription-based programs is explained in <1-hop> where the first two periods have no coursework requirement for aid, but subsequent periods require completed credit hours based on previous periods, with detailed guidance in Appendix B. Additionally, <2-hop> describes how credit hours and instructional weeks influence disbursement timing for Pell Grants, TEACH Grants, and Direct Loans, especially in nonstandard or accelerated programs. Combining these, the guidance in Appendix A and B helps ensure that student funding disbursements comply with regulations by aligning disbursement schedules with credit hour completion and instructional time, thus managing funding disbursement policies effectively.",multi_hop_specific_query_synthesizer
where appendix A and B show disbursement rules for aid,"['<1-hop>\n\nDisbursement Timing in Subscription-Based Programs For the first two subscription periods (terms) that a student attends in a subscription-based program, there is no requirement for the student to have completed a certain amount of coursework before receiving a disbursement of Title IV funds (the same as in any other term-based program using credit hours). However, to receive a disbursement of Title IV aid for each subsequent subscription period in the program, the student must have completed a cumulative number of credit hours equal to the total of the number of hours for which the student was enrolled in all previously attended subscription periods in the program, excluding the number of hours for which the student was enrolled in the most recently attended subscription period. For more detailed guidance on the disbursement rules for subscription-based programs, including examples, refer to Appendix B at the end of this chapter. Multiple Disbursements Within a Payment Period The regulations governing the Title IV programs generally permit schools to pay Title IV funds at such times and in such installments within each payment period as will best meet students9 needs. This gives schools the ability to apportion the payment if doing so will be in the best interest of the student. For example, if a payment period is particularly long, a school might choose to pay in multiple installments to the extent program requirements permit to ensure that a student will have funds to pay rent later in the payment period. If a school chooses to schedule multiple Direct Loan disbursements within a single payment period, the disbursements must be substantially equal. Note also that if the loan period for a Direct Loan is a single payment period, the loan must be disbursed in at least two installments unless the school qualifies for an exception to the multiple disbursement requirement. See Volume 8, Chapter 3 for more', '<2-hop>\n\nboth the credit or clock hours and the weeks of instructional time in a payment period before receiving a disbursement of Pell Grant, FSEOG, TEACH Grant or Direct Loan funds for the next payment period. For the Direct Loan Program only, this same requirement applies to students who are enrolled in programs with nonstandard terms that are not substantially equal in length. Effect of Accelerated Progression on Disbursement Timing in a Clock-Hour or Non-Term Credit-Hour Program The Pell Grant or TEACH Grant amount that a student is eligible to receive for a payment period in a clock-hour or non- term credit-hour program is based on the number of hours and weeks in the scheduled payment periods for the program that are established at the beginning of the program based on the program length (as described earlier in this chapter). These scheduled payment periods do not change, regardless of a student9s rate of progression through a clock-hour or non-term credit-hour program. This means that if a student completes additional weeks of instructional time or hours while completing the other measure of a payment period, the actual number of weeks or hours that the student completes before a disbursement can be made for the next payment period may differ from the number of weeks or hours in the scheduled payment period used to determine the student9s grant amount for the payment period. Although a student9s completion of additional weeks or hours in a payment period has no effect on the scheduled payment periods for purposes of determining Pell Grant and TEACH Grant payment amounts, an undergraduate student who accelerates in a clock-hour or non-term credit-hour program may have reduced Direct Loan eligibility in the final academic year of a program. Specifically, if a student enrolled in a program that is greater than one academic year in length completes additional clock or credit hours prior to the final academic year of the program, this may result in a final period of study that contains fewer clock or credit hours than the number of hours in the program9s defined academic year. In this circumstance, the Direct Loan annual loan limit for an undergraduate student must be prorated (reduced). The principles described above are illustrated by the examples in Appendix A at the end of this chapter. For guidance on calculating Pell Grant and TEACH Grant awards for clock-hour and non-term credit-hour programs, see Volume 7. For information on Direct Loan annual loan limit proration and annual loan limit progression in clock-hour and non-term credit- hour programs, see Volume 8, Chapters 5 and 6. If your school is unable to determine when a student has successfully completed half of the credit or clock hours in a program, academic year, or remainder of a program, the student is considered to have begun the second payment period of the program, academic year, or remainder of a program at the later of the date (identified by your school) that the student has successfully completed: half of the academic coursework in the program, academic year, or remainder of the program; or half of the number of weeks of instructional time in the program, academic year, or remainder of the program.']","Disbursement timing in subscription-based programs is explained in <1-hop>, and for detailed guidance on disbursement rules, including examples, refer to Appendix B. Appendix A is not directly mentioned in the context, but the context indicates that Appendix B contains the detailed guidance on disbursement rules for subscription-based programs.",multi_hop_specific_query_synthesizer
which volumes are mentiod in the context of nonstandard terms and clinical work inclusion?,"['<1-hop>\n\nInclusion of Clinical Work in a Standard Term Periods of medical and education program clinical work which is conducted outside the classroom may not be included in a standard term, unless all of the following apply: All students in the program must participate in the practicum or clinical experience, and they must be required to complete the practicum or clinical experience as a condition for applying for licensure or authorization to practice the occupation they intend to pursue; The school has little or no control over the length or starting and ending dates of the practicum or clinical experience. This may be due to constraints imposed by outside licensing bodies or the need to accommodate schedules of entities with which students are being placed (e.g., school districts or hospitals); and Credit hours associated with the practicum or clinical experience must be associated with the term in which most of the training occurs, even if the starting and ending dates do not exactly align with the term dates and/or overlap with another term. If the clinical work meets all the above criteria, terms which include such clinical work are not required to be considered nonstandard, nor are such programs required to be considered non-term, even if the clinical work overlaps another term. This flexibility is limited to required clinical periods associated with standard term programs in medicine (including, but not limited to, allopathic, osteopathic, nursing, veterinary, dentistry, pharmacy, and physical therapy), and student teaching required to obtain a state teaching certificate. See Volume 8, Chapter 3 for additional guidance on certain exceptions to the normal loan period and disbursement timing rules for Direct Loans when clinical work that meets the criteria described above is included in a standard term. Nonstandard Terms Generally, nonstandard terms are terms that are not semesters, trimesters, or quarters. For example, a 5-week term or a 23-week term would be considered a nonstandard term because no standard term can be fewer than nine weeks or greater than 21 weeks in length. Like standard terms, nonstandard terms may be equal in length or may be of different lengths. If a program is offered in a combination of standard terms and nonstandard terms, the program is considered to be offered in nonstandard terms. Also, like standard terms, nonstandard terms may not overlap within a program. Even if a school calls its terms semesters, trimesters, or quarters, they are considered to be nonstandard terms if they do not comply with the policy on standard term length, as described earlier. For instance, a 22-week semester or an 8-week quarter must be treated as a nonstandard term, because a semester cannot contain more than 21 weeks and a quarter must include a minimum of nine weeks. Semesters, trimesters, or quarters are also considered to be nonstandard terms if academic progress is not measured in the manner normally associated with the type of term. For example, if a program is offered in 15-week semesters but measures academic progress in quarter credit hours, the semesters would be considered nonstandard terms.', '<2-hop>\n\nboth the credit or clock hours and the weeks of instructional time in a payment period before receiving a disbursement of Pell Grant, FSEOG, TEACH Grant or Direct Loan funds for the next payment period. For the Direct Loan Program only, this same requirement applies to students who are enrolled in programs with nonstandard terms that are not substantially equal in length. Effect of Accelerated Progression on Disbursement Timing in a Clock-Hour or Non-Term Credit-Hour Program The Pell Grant or TEACH Grant amount that a student is eligible to receive for a payment period in a clock-hour or non- term credit-hour program is based on the number of hours and weeks in the scheduled payment periods for the program that are established at the beginning of the program based on the program length (as described earlier in this chapter). These scheduled payment periods do not change, regardless of a student9s rate of progression through a clock-hour or non-term credit-hour program. This means that if a student completes additional weeks of instructional time or hours while completing the other measure of a payment period, the actual number of weeks or hours that the student completes before a disbursement can be made for the next payment period may differ from the number of weeks or hours in the scheduled payment period used to determine the student9s grant amount for the payment period. Although a student9s completion of additional weeks or hours in a payment period has no effect on the scheduled payment periods for purposes of determining Pell Grant and TEACH Grant payment amounts, an undergraduate student who accelerates in a clock-hour or non-term credit-hour program may have reduced Direct Loan eligibility in the final academic year of a program. Specifically, if a student enrolled in a program that is greater than one academic year in length completes additional clock or credit hours prior to the final academic year of the program, this may result in a final period of study that contains fewer clock or credit hours than the number of hours in the program9s defined academic year. In this circumstance, the Direct Loan annual loan limit for an undergraduate student must be prorated (reduced). The principles described above are illustrated by the examples in Appendix A at the end of this chapter. For guidance on calculating Pell Grant and TEACH Grant awards for clock-hour and non-term credit-hour programs, see Volume 7. For information on Direct Loan annual loan limit proration and annual loan limit progression in clock-hour and non-term credit- hour programs, see Volume 8, Chapters 5 and 6. If your school is unable to determine when a student has successfully completed half of the credit or clock hours in a program, academic year, or remainder of a program, the student is considered to have begun the second payment period of the program, academic year, or remainder of a program at the later of the date (identified by your school) that the student has successfully completed: half of the academic coursework in the program, academic year, or remainder of the program; or half of the number of weeks of instructional time in the program, academic year, or remainder of the program.']",The context mentions Volume 8 in relation to guidance on certain exceptions to the normal loan period and disbursement timing rules for Direct Loans when clinical work that meets specific criteria is included in a standard term.,multi_hop_specific_query_synthesizer
How does Volume 8 relate to the inclusion of clinical work in standard term periods as discussed in Volume 7?,"['<1-hop>\n\nInclusion of Clinical Work in a Standard Term Periods of medical and education program clinical work which is conducted outside the classroom may not be included in a standard term, unless all of the following apply: All students in the program must participate in the practicum or clinical experience, and they must be required to complete the practicum or clinical experience as a condition for applying for licensure or authorization to practice the occupation they intend to pursue; The school has little or no control over the length or starting and ending dates of the practicum or clinical experience. This may be due to constraints imposed by outside licensing bodies or the need to accommodate schedules of entities with which students are being placed (e.g., school districts or hospitals); and Credit hours associated with the practicum or clinical experience must be associated with the term in which most of the training occurs, even if the starting and ending dates do not exactly align with the term dates and/or overlap with another term. If the clinical work meets all the above criteria, terms which include such clinical work are not required to be considered nonstandard, nor are such programs required to be considered non-term, even if the clinical work overlaps another term. This flexibility is limited to required clinical periods associated with standard term programs in medicine (including, but not limited to, allopathic, osteopathic, nursing, veterinary, dentistry, pharmacy, and physical therapy), and student teaching required to obtain a state teaching certificate. See Volume 8, Chapter 3 for additional guidance on certain exceptions to the normal loan period and disbursement timing rules for Direct Loans when clinical work that meets the criteria described above is included in a standard term. Nonstandard Terms Generally, nonstandard terms are terms that are not semesters, trimesters, or quarters. For example, a 5-week term or a 23-week term would be considered a nonstandard term because no standard term can be fewer than nine weeks or greater than 21 weeks in length. Like standard terms, nonstandard terms may be equal in length or may be of different lengths. If a program is offered in a combination of standard terms and nonstandard terms, the program is considered to be offered in nonstandard terms. Also, like standard terms, nonstandard terms may not overlap within a program. Even if a school calls its terms semesters, trimesters, or quarters, they are considered to be nonstandard terms if they do not comply with the policy on standard term length, as described earlier. For instance, a 22-week semester or an 8-week quarter must be treated as a nonstandard term, because a semester cannot contain more than 21 weeks and a quarter must include a minimum of nine weeks. Semesters, trimesters, or quarters are also considered to be nonstandard terms if academic progress is not measured in the manner normally associated with the type of term. For example, if a program is offered in 15-week semesters but measures academic progress in quarter credit hours, the semesters would be considered nonstandard terms.', '<2-hop>\n\nboth the credit or clock hours and the weeks of instructional time in a payment period before receiving a disbursement of Pell Grant, FSEOG, TEACH Grant or Direct Loan funds for the next payment period. For the Direct Loan Program only, this same requirement applies to students who are enrolled in programs with nonstandard terms that are not substantially equal in length. Effect of Accelerated Progression on Disbursement Timing in a Clock-Hour or Non-Term Credit-Hour Program The Pell Grant or TEACH Grant amount that a student is eligible to receive for a payment period in a clock-hour or non- term credit-hour program is based on the number of hours and weeks in the scheduled payment periods for the program that are established at the beginning of the program based on the program length (as described earlier in this chapter). These scheduled payment periods do not change, regardless of a student9s rate of progression through a clock-hour or non-term credit-hour program. This means that if a student completes additional weeks of instructional time or hours while completing the other measure of a payment period, the actual number of weeks or hours that the student completes before a disbursement can be made for the next payment period may differ from the number of weeks or hours in the scheduled payment period used to determine the student9s grant amount for the payment period. Although a student9s completion of additional weeks or hours in a payment period has no effect on the scheduled payment periods for purposes of determining Pell Grant and TEACH Grant payment amounts, an undergraduate student who accelerates in a clock-hour or non-term credit-hour program may have reduced Direct Loan eligibility in the final academic year of a program. Specifically, if a student enrolled in a program that is greater than one academic year in length completes additional clock or credit hours prior to the final academic year of the program, this may result in a final period of study that contains fewer clock or credit hours than the number of hours in the program9s defined academic year. In this circumstance, the Direct Loan annual loan limit for an undergraduate student must be prorated (reduced). The principles described above are illustrated by the examples in Appendix A at the end of this chapter. For guidance on calculating Pell Grant and TEACH Grant awards for clock-hour and non-term credit-hour programs, see Volume 7. For information on Direct Loan annual loan limit proration and annual loan limit progression in clock-hour and non-term credit- hour programs, see Volume 8, Chapters 5 and 6. If your school is unable to determine when a student has successfully completed half of the credit or clock hours in a program, academic year, or remainder of a program, the student is considered to have begun the second payment period of the program, academic year, or remainder of a program at the later of the date (identified by your school) that the student has successfully completed: half of the academic coursework in the program, academic year, or remainder of the program; or half of the number of weeks of instructional time in the program, academic year, or remainder of the program.']","Volume 8 provides guidance on the inclusion of clinical work within standard term periods, specifying that clinical work meeting certain criteria is not required to be considered nonstandard, which aligns with the policies outlined in Volume 7 regarding standard and nonstandard terms and their disbursement rules.",multi_hop_specific_query_synthesizer
Volume 2 and Volume 8 what do they say about disbursements and academic years?,"['<1-hop>\n\nChapter 1 Academic Years, Academic Calendars, Payment Periods, and Disbursements Academic Year Requirements Every eligible program must have a defined academic year. A school may have different academic years for different academic programs. For example, a school may choose to define the academic year for a term-based program differently from a non-term program. In some cases, the academic year definition must be different for different programs, such as in the case of a clock-hour program and a credit-hour program. For Title IV purposes, the academic year is defined in weeks of instructional time and credit or clock hours. The program9s academic year does not have to coincide with the school9s academic calendar (see <Academic year definition and effect on awards= later in the chapter). A school may treat two versions of the same academic program (day and night, for example) as separate programs and define different academic years for each version. If a school establishes separate versions of a program, with different academic years, but allows individual students to take courses from both versions, it must be able to demonstrate which program the student is actually enrolled in. Generally, to be considered enrolled in a particular program or version of a program, a student must be taking most of their coursework in that program. Although a school may have different academic years for different programs, it must use the same academic year definition for all Title IV awards for students enrolled in a particular program, and for all other Title IV program purposes. Weeks of Instructional Time in an Academic Year For both undergraduate and graduate programs, the law and regulations require an academic year to include a minimum number of weeks of instructional time. For a program offered in credit hours, the academic year must include at least 30 weeks of instructional time. For a program offered in clock hours, the academic year must include at least 26 weeks of instructional time. Note: See Volume 2, Chapter 2 for information about academic year requirements for direct assessment programs, which do not measure academic progress using credit or clock hours. The number of weeks of instructional time is based on the period that generally begins on the first day of classes in the academic year and ends on the last day of classes or the last day of examinations, whichever is later. Schools that provide 2- or 4-year associate or baccalaureate degree programs may apply to the Department if they want to request approval to establish a full academic year of less than 30 weeks of instructional time. The Department is permitted to grant a reduction for good cause to no less than 26 weeks of instructional time. These requests are handled on a case-by-case basis. To request approval, contact the School Participation Division that oversees your school. A listing of contact information for the regional School Participation Divisions can be found in the Knowledge Center. For all Title IV programs, a week of instructional time is any period of seven consecutive days in which 3 At least one day of regularly scheduled instruction or examinations occurs, or, after the last scheduled day of classes', '<2-hop>\n\nboth the credit or clock hours and the weeks of instructional time in a payment period before receiving a disbursement of Pell Grant, FSEOG, TEACH Grant or Direct Loan funds for the next payment period. For the Direct Loan Program only, this same requirement applies to students who are enrolled in programs with nonstandard terms that are not substantially equal in length. Effect of Accelerated Progression on Disbursement Timing in a Clock-Hour or Non-Term Credit-Hour Program The Pell Grant or TEACH Grant amount that a student is eligible to receive for a payment period in a clock-hour or non- term credit-hour program is based on the number of hours and weeks in the scheduled payment periods for the program that are established at the beginning of the program based on the program length (as described earlier in this chapter). These scheduled payment periods do not change, regardless of a student9s rate of progression through a clock-hour or non-term credit-hour program. This means that if a student completes additional weeks of instructional time or hours while completing the other measure of a payment period, the actual number of weeks or hours that the student completes before a disbursement can be made for the next payment period may differ from the number of weeks or hours in the scheduled payment period used to determine the student9s grant amount for the payment period. Although a student9s completion of additional weeks or hours in a payment period has no effect on the scheduled payment periods for purposes of determining Pell Grant and TEACH Grant payment amounts, an undergraduate student who accelerates in a clock-hour or non-term credit-hour program may have reduced Direct Loan eligibility in the final academic year of a program. Specifically, if a student enrolled in a program that is greater than one academic year in length completes additional clock or credit hours prior to the final academic year of the program, this may result in a final period of study that contains fewer clock or credit hours than the number of hours in the program9s defined academic year. In this circumstance, the Direct Loan annual loan limit for an undergraduate student must be prorated (reduced). The principles described above are illustrated by the examples in Appendix A at the end of this chapter. For guidance on calculating Pell Grant and TEACH Grant awards for clock-hour and non-term credit-hour programs, see Volume 7. For information on Direct Loan annual loan limit proration and annual loan limit progression in clock-hour and non-term credit- hour programs, see Volume 8, Chapters 5 and 6. If your school is unable to determine when a student has successfully completed half of the credit or clock hours in a program, academic year, or remainder of a program, the student is considered to have begun the second payment period of the program, academic year, or remainder of a program at the later of the date (identified by your school) that the student has successfully completed: half of the academic coursework in the program, academic year, or remainder of the program; or half of the number of weeks of instructional time in the program, academic year, or remainder of the program.']","Volume 2 talks about the weeks of instructional time needed for academic years and how they affect disbursements, like Pell and TEACH grants. Volume 8 explains that the scheduled payment periods for clock-hour or non-term credit-hour programs don't change even if students finish extra hours or weeks early, which can impact disbursement timing and loan limits, especially if students accelerate their progress.",multi_hop_specific_query_synthesizer
How do the references to Volume 2 and Volume 8 in the context relate to the academic year requirements and disbursement timing for students enrolled in clock-hour and credit-hour programs?,"['<1-hop>\n\nChapter 1 Academic Years, Academic Calendars, Payment Periods, and Disbursements Academic Year Requirements Every eligible program must have a defined academic year. A school may have different academic years for different academic programs. For example, a school may choose to define the academic year for a term-based program differently from a non-term program. In some cases, the academic year definition must be different for different programs, such as in the case of a clock-hour program and a credit-hour program. For Title IV purposes, the academic year is defined in weeks of instructional time and credit or clock hours. The program9s academic year does not have to coincide with the school9s academic calendar (see <Academic year definition and effect on awards= later in the chapter). A school may treat two versions of the same academic program (day and night, for example) as separate programs and define different academic years for each version. If a school establishes separate versions of a program, with different academic years, but allows individual students to take courses from both versions, it must be able to demonstrate which program the student is actually enrolled in. Generally, to be considered enrolled in a particular program or version of a program, a student must be taking most of their coursework in that program. Although a school may have different academic years for different programs, it must use the same academic year definition for all Title IV awards for students enrolled in a particular program, and for all other Title IV program purposes. Weeks of Instructional Time in an Academic Year For both undergraduate and graduate programs, the law and regulations require an academic year to include a minimum number of weeks of instructional time. For a program offered in credit hours, the academic year must include at least 30 weeks of instructional time. For a program offered in clock hours, the academic year must include at least 26 weeks of instructional time. Note: See Volume 2, Chapter 2 for information about academic year requirements for direct assessment programs, which do not measure academic progress using credit or clock hours. The number of weeks of instructional time is based on the period that generally begins on the first day of classes in the academic year and ends on the last day of classes or the last day of examinations, whichever is later. Schools that provide 2- or 4-year associate or baccalaureate degree programs may apply to the Department if they want to request approval to establish a full academic year of less than 30 weeks of instructional time. The Department is permitted to grant a reduction for good cause to no less than 26 weeks of instructional time. These requests are handled on a case-by-case basis. To request approval, contact the School Participation Division that oversees your school. A listing of contact information for the regional School Participation Divisions can be found in the Knowledge Center. For all Title IV programs, a week of instructional time is any period of seven consecutive days in which 3 At least one day of regularly scheduled instruction or examinations occurs, or, after the last scheduled day of classes', '<2-hop>\n\nboth the credit or clock hours and the weeks of instructional time in a payment period before receiving a disbursement of Pell Grant, FSEOG, TEACH Grant or Direct Loan funds for the next payment period. For the Direct Loan Program only, this same requirement applies to students who are enrolled in programs with nonstandard terms that are not substantially equal in length. Effect of Accelerated Progression on Disbursement Timing in a Clock-Hour or Non-Term Credit-Hour Program The Pell Grant or TEACH Grant amount that a student is eligible to receive for a payment period in a clock-hour or non- term credit-hour program is based on the number of hours and weeks in the scheduled payment periods for the program that are established at the beginning of the program based on the program length (as described earlier in this chapter). These scheduled payment periods do not change, regardless of a student9s rate of progression through a clock-hour or non-term credit-hour program. This means that if a student completes additional weeks of instructional time or hours while completing the other measure of a payment period, the actual number of weeks or hours that the student completes before a disbursement can be made for the next payment period may differ from the number of weeks or hours in the scheduled payment period used to determine the student9s grant amount for the payment period. Although a student9s completion of additional weeks or hours in a payment period has no effect on the scheduled payment periods for purposes of determining Pell Grant and TEACH Grant payment amounts, an undergraduate student who accelerates in a clock-hour or non-term credit-hour program may have reduced Direct Loan eligibility in the final academic year of a program. Specifically, if a student enrolled in a program that is greater than one academic year in length completes additional clock or credit hours prior to the final academic year of the program, this may result in a final period of study that contains fewer clock or credit hours than the number of hours in the program9s defined academic year. In this circumstance, the Direct Loan annual loan limit for an undergraduate student must be prorated (reduced). The principles described above are illustrated by the examples in Appendix A at the end of this chapter. For guidance on calculating Pell Grant and TEACH Grant awards for clock-hour and non-term credit-hour programs, see Volume 7. For information on Direct Loan annual loan limit proration and annual loan limit progression in clock-hour and non-term credit- hour programs, see Volume 8, Chapters 5 and 6. If your school is unable to determine when a student has successfully completed half of the credit or clock hours in a program, academic year, or remainder of a program, the student is considered to have begun the second payment period of the program, academic year, or remainder of a program at the later of the date (identified by your school) that the student has successfully completed: half of the academic coursework in the program, academic year, or remainder of the program; or half of the number of weeks of instructional time in the program, academic year, or remainder of the program.']","The context indicates that Volume 2 discusses the academic year requirements, including the minimum weeks of instructional time for credit-hour and clock-hour programs, as well as the definitions of academic years and their impact on Title IV awards. Volume 8 addresses the disbursement timing, specifically how the completion of instructional hours and weeks affects Pell Grant, TEACH Grant, and Direct Loan disbursements, especially in cases of accelerated progression or non-standard terms. Together, these volumes provide comprehensive guidance on how academic year definitions influence funding eligibility and disbursement schedules for students in different program types.",multi_hop_specific_query_synthesizer
"Based on the requirements outlined in Chapter 2 regarding clinical work inclusion in standard term periods and the definitions provided in Chapter 3 about academic years and instructional time, how should a school determine whether clinical work conducted outside the classroom can be included within a standard term for Title IV funding purposes, especially when considering the length of the term and the timing of clinical experiences?","['<1-hop>\n\nInclusion of Clinical Work in a Standard Term Periods of medical and education program clinical work which is conducted outside the classroom may not be included in a standard term, unless all of the following apply: All students in the program must participate in the practicum or clinical experience, and they must be required to complete the practicum or clinical experience as a condition for applying for licensure or authorization to practice the occupation they intend to pursue; The school has little or no control over the length or starting and ending dates of the practicum or clinical experience. This may be due to constraints imposed by outside licensing bodies or the need to accommodate schedules of entities with which students are being placed (e.g., school districts or hospitals); and Credit hours associated with the practicum or clinical experience must be associated with the term in which most of the training occurs, even if the starting and ending dates do not exactly align with the term dates and/or overlap with another term. If the clinical work meets all the above criteria, terms which include such clinical work are not required to be considered nonstandard, nor are such programs required to be considered non-term, even if the clinical work overlaps another term. This flexibility is limited to required clinical periods associated with standard term programs in medicine (including, but not limited to, allopathic, osteopathic, nursing, veterinary, dentistry, pharmacy, and physical therapy), and student teaching required to obtain a state teaching certificate. See Volume 8, Chapter 3 for additional guidance on certain exceptions to the normal loan period and disbursement timing rules for Direct Loans when clinical work that meets the criteria described above is included in a standard term. Nonstandard Terms Generally, nonstandard terms are terms that are not semesters, trimesters, or quarters. For example, a 5-week term or a 23-week term would be considered a nonstandard term because no standard term can be fewer than nine weeks or greater than 21 weeks in length. Like standard terms, nonstandard terms may be equal in length or may be of different lengths. If a program is offered in a combination of standard terms and nonstandard terms, the program is considered to be offered in nonstandard terms. Also, like standard terms, nonstandard terms may not overlap within a program. Even if a school calls its terms semesters, trimesters, or quarters, they are considered to be nonstandard terms if they do not comply with the policy on standard term length, as described earlier. For instance, a 22-week semester or an 8-week quarter must be treated as a nonstandard term, because a semester cannot contain more than 21 weeks and a quarter must include a minimum of nine weeks. Semesters, trimesters, or quarters are also considered to be nonstandard terms if academic progress is not measured in the manner normally associated with the type of term. For example, if a program is offered in 15-week semesters but measures academic progress in quarter credit hours, the semesters would be considered nonstandard terms.', '<2-hop>\n\nChapter 1 Academic Years, Academic Calendars, Payment Periods, and Disbursements Academic Year Requirements Every eligible program must have a defined academic year. A school may have different academic years for different academic programs. For example, a school may choose to define the academic year for a term-based program differently from a non-term program. In some cases, the academic year definition must be different for different programs, such as in the case of a clock-hour program and a credit-hour program. For Title IV purposes, the academic year is defined in weeks of instructional time and credit or clock hours. The program9s academic year does not have to coincide with the school9s academic calendar (see <Academic year definition and effect on awards= later in the chapter). A school may treat two versions of the same academic program (day and night, for example) as separate programs and define different academic years for each version. If a school establishes separate versions of a program, with different academic years, but allows individual students to take courses from both versions, it must be able to demonstrate which program the student is actually enrolled in. Generally, to be considered enrolled in a particular program or version of a program, a student must be taking most of their coursework in that program. Although a school may have different academic years for different programs, it must use the same academic year definition for all Title IV awards for students enrolled in a particular program, and for all other Title IV program purposes. Weeks of Instructional Time in an Academic Year For both undergraduate and graduate programs, the law and regulations require an academic year to include a minimum number of weeks of instructional time. For a program offered in credit hours, the academic year must include at least 30 weeks of instructional time. For a program offered in clock hours, the academic year must include at least 26 weeks of instructional time. Note: See Volume 2, Chapter 2 for information about academic year requirements for direct assessment programs, which do not measure academic progress using credit or clock hours. The number of weeks of instructional time is based on the period that generally begins on the first day of classes in the academic year and ends on the last day of classes or the last day of examinations, whichever is later. Schools that provide 2- or 4-year associate or baccalaureate degree programs may apply to the Department if they want to request approval to establish a full academic year of less than 30 weeks of instructional time. The Department is permitted to grant a reduction for good cause to no less than 26 weeks of instructional time. These requests are handled on a case-by-case basis. To request approval, contact the School Participation Division that oversees your school. A listing of contact information for the regional School Participation Divisions can be found in the Knowledge Center. For all Title IV programs, a week of instructional time is any period of seven consecutive days in which 3 At least one day of regularly scheduled instruction or examinations occurs, or, after the last scheduled day of classes']","According to Chapter 2, clinical work conducted outside the classroom may be included in a standard term if all students participate in the practicum or clinical experience as a condition for licensure, the school has limited control over the timing of these experiences, and the associated credit hours align with the training period. Chapter 3 specifies that a standard academic year must include at least 30 weeks of instructional time for credit-hour programs, or 26 weeks for clock-hour programs. Therefore, to determine if clinical work can be included within a standard term, the school must ensure that the clinical experience meets the criteria outlined in Chapter 2 and that the term's length and timing conform to the minimum instructional weeks specified in Chapter 3. If the clinical work overlaps with the term and the term's duration meets these minimums, then such clinical work can be considered part of the standard term for Title IV disbursement purposes.",multi_hop_specific_query_synthesizer
Hwo do Chapter 2 and Chapter 3 info help with payment periods and clinical work inclusion in standard terms?,"['<1-hop>\n\nInclusion of Clinical Work in a Standard Term Periods of medical and education program clinical work which is conducted outside the classroom may not be included in a standard term, unless all of the following apply: All students in the program must participate in the practicum or clinical experience, and they must be required to complete the practicum or clinical experience as a condition for applying for licensure or authorization to practice the occupation they intend to pursue; The school has little or no control over the length or starting and ending dates of the practicum or clinical experience. This may be due to constraints imposed by outside licensing bodies or the need to accommodate schedules of entities with which students are being placed (e.g., school districts or hospitals); and Credit hours associated with the practicum or clinical experience must be associated with the term in which most of the training occurs, even if the starting and ending dates do not exactly align with the term dates and/or overlap with another term. If the clinical work meets all the above criteria, terms which include such clinical work are not required to be considered nonstandard, nor are such programs required to be considered non-term, even if the clinical work overlaps another term. This flexibility is limited to required clinical periods associated with standard term programs in medicine (including, but not limited to, allopathic, osteopathic, nursing, veterinary, dentistry, pharmacy, and physical therapy), and student teaching required to obtain a state teaching certificate. See Volume 8, Chapter 3 for additional guidance on certain exceptions to the normal loan period and disbursement timing rules for Direct Loans when clinical work that meets the criteria described above is included in a standard term. Nonstandard Terms Generally, nonstandard terms are terms that are not semesters, trimesters, or quarters. For example, a 5-week term or a 23-week term would be considered a nonstandard term because no standard term can be fewer than nine weeks or greater than 21 weeks in length. Like standard terms, nonstandard terms may be equal in length or may be of different lengths. If a program is offered in a combination of standard terms and nonstandard terms, the program is considered to be offered in nonstandard terms. Also, like standard terms, nonstandard terms may not overlap within a program. Even if a school calls its terms semesters, trimesters, or quarters, they are considered to be nonstandard terms if they do not comply with the policy on standard term length, as described earlier. For instance, a 22-week semester or an 8-week quarter must be treated as a nonstandard term, because a semester cannot contain more than 21 weeks and a quarter must include a minimum of nine weeks. Semesters, trimesters, or quarters are also considered to be nonstandard terms if academic progress is not measured in the manner normally associated with the type of term. For example, if a program is offered in 15-week semesters but measures academic progress in quarter credit hours, the semesters would be considered nonstandard terms.', '<2-hop>\n\nChapter 1 Academic Years, Academic Calendars, Payment Periods, and Disbursements Academic Year Requirements Every eligible program must have a defined academic year. A school may have different academic years for different academic programs. For example, a school may choose to define the academic year for a term-based program differently from a non-term program. In some cases, the academic year definition must be different for different programs, such as in the case of a clock-hour program and a credit-hour program. For Title IV purposes, the academic year is defined in weeks of instructional time and credit or clock hours. The program9s academic year does not have to coincide with the school9s academic calendar (see <Academic year definition and effect on awards= later in the chapter). A school may treat two versions of the same academic program (day and night, for example) as separate programs and define different academic years for each version. If a school establishes separate versions of a program, with different academic years, but allows individual students to take courses from both versions, it must be able to demonstrate which program the student is actually enrolled in. Generally, to be considered enrolled in a particular program or version of a program, a student must be taking most of their coursework in that program. Although a school may have different academic years for different programs, it must use the same academic year definition for all Title IV awards for students enrolled in a particular program, and for all other Title IV program purposes. Weeks of Instructional Time in an Academic Year For both undergraduate and graduate programs, the law and regulations require an academic year to include a minimum number of weeks of instructional time. For a program offered in credit hours, the academic year must include at least 30 weeks of instructional time. For a program offered in clock hours, the academic year must include at least 26 weeks of instructional time. Note: See Volume 2, Chapter 2 for information about academic year requirements for direct assessment programs, which do not measure academic progress using credit or clock hours. The number of weeks of instructional time is based on the period that generally begins on the first day of classes in the academic year and ends on the last day of classes or the last day of examinations, whichever is later. Schools that provide 2- or 4-year associate or baccalaureate degree programs may apply to the Department if they want to request approval to establish a full academic year of less than 30 weeks of instructional time. The Department is permitted to grant a reduction for good cause to no less than 26 weeks of instructional time. These requests are handled on a case-by-case basis. To request approval, contact the School Participation Division that oversees your school. A listing of contact information for the regional School Participation Divisions can be found in the Knowledge Center. For all Title IV programs, a week of instructional time is any period of seven consecutive days in which 3 At least one day of regularly scheduled instruction or examinations occurs, or, after the last scheduled day of classes']","Chapter 2 provides details on how clinical work outside classroom hours can be included in standard term periods if certain criteria are met, such as participation requirements and credit hour associations. Chapter 3 explains the definition of academic years, instructional weeks, and how different program types, including clinical work, are aligned with payment periods and disbursement rules. Together, they clarify how clinical work that meets specific standards can be incorporated into standard terms, affecting payment periods and compliance with financial regulations.",multi_hop_specific_query_synthesizer
